<?xml version="1.0"?>

<root>
	<dynamic-element name="image" type="image" index-type="" repeatable="false">
		<meta-data>
			<entry name="displayAsTooltip"><![CDATA[false]]></entry>
			<entry name="required"><![CDATA[false]]></entry>
			<entry name="instructions"><![CDATA[]]></entry>
			<entry name="label"><![CDATA[image]]></entry>
			<entry name="predefinedValue"><![CDATA[]]></entry>
		</meta-data>
		<dynamic-element name="height" type="text" index-type="" repeatable="false">
			<meta-data>
				<entry name="displayAsTooltip"><![CDATA[false]]></entry>
				<entry name="required"><![CDATA[false]]></entry>
				<entry name="instructions"><![CDATA[]]></entry>
				<entry name="label"><![CDATA[height]]></entry>
				<entry name="predefinedValue"><![CDATA[]]></entry>
			</meta-data>
		</dynamic-element>
		<dynamic-element name="width" type="text" index-type="" repeatable="false">
			<meta-data>
				<entry name="displayAsTooltip"><![CDATA[false]]></entry>
				<entry name="required"><![CDATA[false]]></entry>
				<entry name="instructions"><![CDATA[]]></entry>
				<entry name="label"><![CDATA[width]]></entry>
				<entry name="predefinedValue"><![CDATA[]]></entry>
			</meta-data>
		</dynamic-element>
	</dynamic-element>
	<dynamic-element name="content" type="text_area" index-type="" repeatable="false"/>
</root>